{
  "routes": [
    {
      "id": "R1",
      "name": "R-1: Puerto Juárez - Zona Hotelera",
      "description": "Conecta el transbordador a Isla Mujeres con toda la Zona Hotelera.",
      "fare_urban": 13,
      "fare_hz": 15,
      "color": "#FFEA00",
      "stops": [
        {"name": "Puerto Juárez (Ferry)", "lat": 21.1822, "lng": -86.8086},
        {"name": "El Crucero (Av. Tulum)", "lat": 21.1732, "lng": -86.8273},
        {"name": "Ayuntamiento", "lat": 21.1648, "lng": -86.8268},
        {"name": "ADO Terminal", "lat": 21.1611, "lng": -86.8273},
        {"name": "Glorieta el Ceviche", "lat": 21.1578, "lng": -86.8265},
        {"name": "Plaza Las Américas", "lat": 21.1465, "lng": -86.8232},
        {"name": "Playa Tortugas (Km 6.5)", "lat": 21.1378, "lng": -86.7845},
        {"name": "Playa Langosta (Km 5)", "lat": 21.1415, "lng": -86.7972},
        {"name": "Coco Bongo / Punta Cancún", "lat": 21.1329, "lng": -86.7472},
        {"name": "La Isla Shopping Village", "lat": 21.1091, "lng": -86.7628},
        {"name": "Playa Delfines / El Mirador", "lat": 21.0609, "lng": -86.7790}
      ]
    },
    {
      "id": "R2",
      "name": "R-2: Villas Otoch - Mercado 28 - Z.H.",
      "description": "Ruta vital para trabajadores que cruza por el Mercado 28.",
      "fare_urban": 13,
      "fare_hz": 15,
      "color": "#00E5FF",
      "stops": [
        {"name": "Villas Otoch Paraíso", "lat": 21.2055, "lng": -86.8920},
        {"name": "Multiplaza Kabah", "lat": 21.1805, "lng": -86.8612},
        {"name": "Av. Lopez Portillo", "lat": 21.1735, "lng": -86.8455},
        {"name": "Mercado 28", "lat": 21.1601, "lng": -86.8394},
        {"name": "Walmart Centro", "lat": 21.1565, "lng": -86.8335},
        {"name": "Plaza Las Américas", "lat": 21.1465, "lng": -86.8232},
        {"name": "Entrada Zona Hotelera", "lat": 21.1524, "lng": -86.8123},
        {"name": "Playa Tortugas", "lat": 21.1378, "lng": -86.7845},
        {"name": "Coco Bongo / Punta Cancún", "lat": 21.1329, "lng": -86.7472},
        {"name": "Riu Palace", "lat": 21.1354, "lng": -86.7584},
        {"name": "Captain's Cove", "lat": 21.0772, "lng": -86.7788}
      ]
    },
    {
      "id": "R10",
      "name": "R-10: Puerto Juárez - Plaza Las Américas",
      "description": "Ruta directa por Av. Bonampak hacia centros comerciales.",
      "fare_urban": 13,
      "fare_hz": 15,
      "color": "#76FF03",
      "stops": [
        {"name": "Puerto Juárez (Terminal Marítima)", "lat": 21.1822, "lng": -86.8086},
        {"name": "Av. Bonampak", "lat": 21.1788, "lng": -86.8155},
        {"name": "Puerto Cancún", "lat": 21.1668, "lng": -86.8185},
        {"name": "Malecon Américas", "lat": 21.1485, "lng": -86.8225},
        {"name": "Plaza Las Américas", "lat": 21.1465, "lng": -86.8232},
        {"name": "Av. Sayil", "lat": 21.1455, "lng": -86.8322},
        {"name": "Hospital Galenia", "lat": 21.1385, "lng": -86.8355},
        {"name": "Plataforma Malecón", "lat": 21.1425, "lng": -86.8255},
        {"name": "Av. Tulum Sur", "lat": 21.1548, "lng": -86.8255},
        {"name": "Km 0 Blvd. Kukulcan", "lat": 21.1545, "lng": -86.8115}
      ]
    }
  ]
}
