{
  "rutas": [
    {
      "id": "R1",
      "nombre": "Crucero - Zona Hotelera",
      "color": "#FF6B6B",
      "tarifa": 13.00,
      "horario": "05:00-23:50",
      "frecuencia_minutos": 10,
      "paradas": [
        {"id": "R1_001", "nombre": "Parque La Rehoyada", "lat": 21.1619, "lng": -86.8515, "orden": 1, "referencias": "Terminal Crucero"},
        {"id": "R1_002", "nombre": "Av. Tulum y Cobá", "lat": 21.1665, "lng": -86.8270, "orden": 2, "referencias": "Cerca de Ceviche"},
        {"id": "R1_003", "nombre": "Plaza Las Américas", "lat": 21.1472, "lng": -86.8234, "orden": 3, "referencias": "Entrada principal"},
        {"id": "R1_004", "nombre": "Kilómetro 0", "lat": 21.1462, "lng": -86.8095, "orden": 4, "referencias": "Entrada Zona Hotelera"},
        {"id": "R1_005", "nombre": "Plaza Playa Blanca", "lat": 21.1425, "lng": -86.7912, "orden": 5, "referencias": "Km 3.5"},
        {"id": "R1_006", "nombre": "Playa Tortugas", "lat": 21.1398, "lng": -86.7725, "orden": 6, "referencias": "Ferry a Isla Mujeres"},
        {"id": "R1_007", "nombre": "Coco Bongo / Forum", "lat": 21.1385, "lng": -86.7474, "orden": 7, "referencias": "Corazón de la ZH"},
        {"id": "R1_008", "nombre": "Plaza La Isla", "lat": 21.1112, "lng": -86.7628, "orden": 8, "referencias": "Shopping Mall"},
        {"id": "R1_009", "nombre": "Playa Delfines", "lat": 21.0611, "lng": -86.7801, "orden": 9, "referencias": "El Mirador"},
        {"id": "R1_010", "nombre": "Punta Nizuc", "lat": 21.0255, "lng": -86.7825, "orden": 10, "referencias": "Final de la ZH"}
      ],
      "polyline": [
        [-86.8515, 21.1619], [-86.8270, 21.1665], [-86.8234, 21.1472], [-86.8095, 21.1462],
        [-86.7912, 21.1425], [-86.7725, 21.1398], [-86.7474, 21.1385], [-86.7628, 21.1112],
        [-86.7801, 21.0611], [-86.7825, 21.0255]
      ]
    },
    {
      "id": "R2",
      "nombre": "Walmart - Puerto Juárez",
      "color": "#4ECDC4",
      "tarifa": 13.00,
      "horario": "06:00-22:00",
      "frecuencia_minutos": 15,
      "paradas": [
        {"id": "R2_001", "nombre": "Walmart Cobá", "lat": 21.1595, "lng": -86.8365, "orden": 1, "referencias": "Estacionamiento"},
        {"id": "R2_002", "nombre": "Mercado 28", "lat": 21.1612, "lng": -86.8315, "orden": 2, "referencias": "Artesanías"},
        {"id": "R2_003", "nombre": "Av. Yaxchilán", "lat": 21.1635, "lng": -86.8285, "orden": 3, "referencias": "Zona de bares"},
        {"id": "R2_004", "nombre": "ADO Cancún", "lat": 21.1651, "lng": -86.8271, "orden": 4, "referencias": "Terminal de Autobuses"},
        {"id": "R2_005", "nombre": "Av. Uxmal", "lat": 21.1675, "lng": -86.8245, "orden": 5, "referencias": "Cerca de Palacio Municipal"},
        {"id": "R2_006", "nombre": "Av. Bonampak", "lat": 21.1712, "lng": -86.8185, "orden": 6, "referencias": "Entrada Malecón"},
        {"id": "R2_007", "nombre": "Puerto Cancún", "lat": 21.1785, "lng": -86.8145, "orden": 7, "referencias": "Plaza Comercial"},
        {"id": "R2_008", "nombre": "Ferry UltraMar", "lat": 21.1852, "lng": -86.8055, "orden": 8, "referencias": "Puerto Juárez"},
        {"id": "R2_009", "nombre": "Playa El Niño", "lat": 21.1885, "lng": -86.8025, "orden": 9, "referencias": "Zona de Restaurantes"},
        {"id": "R2_010", "nombre": "Punta Sam", "lat": 21.2155, "lng": -86.8045, "orden": 10, "referencias": "Terminal de carga"}
      ],
      "polyline": [
        [-86.8365, 21.1595], [-86.8315, 21.1612], [-86.8285, 21.1635], [-86.8271, 21.1651],
        [-86.8245, 21.1675], [-86.8185, 21.1712], [-86.8145, 21.1785], [-86.8055, 21.1852],
        [-86.8025, 21.1885], [-86.8045, 21.2155]
      ]
    },
    {
      "id": "R10",
      "nombre": "Las Américas - Aeropuerto",
      "color": "#FFD93D",
      "tarifa": 15.00,
      "horario": "04:00-23:00",
      "frecuencia_minutos": 20,
      "paradas": [
        {"id": "R10_001", "nombre": "Plaza Las Américas", "lat": 21.1472, "lng": -86.8234, "orden": 1, "referencias": "Av. Sayil"},
        {"id": "R10_002", "nombre": "Av. Nichupté", "lat": 21.1412, "lng": -86.8315, "orden": 2, "referencias": "Cerca de Pabellón Caribe"},
        {"id": "R10_003", "nombre": "Av. Kabah", "lat": 21.1355, "lng": -86.8412, "orden": 3, "referencias": "Supermercado Soriana"},
        {"id": "R10_004", "nombre": "Av. La Luna", "lat": 21.1285, "lng": -86.8485, "orden": 4, "referencias": "Plaza La Luna"},
        {"id": "R10_005", "nombre": "Av. Las Torres", "lat": 21.1155, "lng": -86.8555, "orden": 5, "referencias": "Parque Kabah Sur"},
        {"id": "R10_006", "nombre": "Av. Huayacán", "lat": 21.1025, "lng": -86.8612, "orden": 6, "referencias": "Zona Residencial"},
        {"id": "R10_007", "nombre": "Carr. Federal 307", "lat": 21.0855, "lng": -86.8525, "orden": 7, "referencias": "Entrada Bonfil"},
        {"id": "R10_008", "nombre": "UT Cancún", "lat": 21.0555, "lng": -86.8415, "orden": 8, "referencias": "Universidad"},
        {"id": "R10_009", "nombre": "T3 Aeropuerto", "lat": 21.0412, "lng": -86.8725, "orden": 9, "referencias": "Vuelos Internacionales"},
        {"id": "R10_010", "nombre": "T2 Aeropuerto", "lat": 21.0365, "lng": -86.8775, "orden": 10, "referencias": "Vuelos Nacionales"}
      ],
      "polyline": [
        [-86.8234, 21.1472], [-86.8315, 21.1412], [-86.8412, 21.1355], [-86.8485, 21.1285],
        [-86.8555, 21.1155], [-86.8612, 21.1025], [-86.8525, 21.0855], [-86.8415, 21.0555],
        [-86.8725, 21.0412], [-86.8775, 21.0365]
      ]
    }
  ],
  "destinos": [
    {"nombre": "Coco Bongo", "categoria": "Entretenimiento", "lat": 21.1385, "lng": -86.7474, "parada_cercana": "R1_007"},
    {"nombre": "Aeropuerto", "categoria": "Transporte", "lat": 21.0365, "lng": -86.8775, "parada_cercana": "R10_010"},
    {"nombre": "Plaza Las Américas", "categoria": "Compras", "lat": 21.1472, "lng": -86.8234, "parada_cercana": "R1_003"}
  ]
}
